{
  "HTTP Request-1" : {
    "transaction" : "HTTP Request-1",
    "sampleCount" : 10,
    "errorCount" : 0,
    "errorPct" : 0.0,
    "meanResTime" : 1862.6,
    "medianResTime" : 1131.0,
    "minResTime" : 860.0,
    "maxResTime" : 4346.0,
    "pct1ResTime" : 4331.2,
    "pct2ResTime" : 4346.0,
    "pct3ResTime" : 4346.0,
    "throughput" : 1.0672358591248667,
    "receivedKBytesPerSec" : 681.6356223319104,
    "sentKBytesPerSec" : 0.1323622598719317
  },
  "Total" : {
    "transaction" : "Total",
    "sampleCount" : 30,
    "errorCount" : 0,
    "errorPct" : 0.0,
    "meanResTime" : 1563.2999999999997,
    "medianResTime" : 1060.0,
    "minResTime" : 87.0,
    "maxResTime" : 4841.0,
    "pct1ResTime" : 4335.7,
    "pct2ResTime" : 4625.4,
    "pct3ResTime" : 4841.0,
    "throughput" : 3.0410542321338068,
    "receivedKBytesPerSec" : 1295.1034275215409,
    "sentKBytesPerSec" : 0.5028826659908768
  },
  "HTTP Request-0" : {
    "transaction" : "HTTP Request-0",
    "sampleCount" : 10,
    "errorCount" : 0,
    "errorPct" : 0.0,
    "meanResTime" : 481.2,
    "medianResTime" : 133.0,
    "minResTime" : 87.0,
    "maxResTime" : 3174.0,
    "pct1ResTime" : 2904.700000000001,
    "pct2ResTime" : 3174.0,
    "pct3ResTime" : 3174.0,
    "throughput" : 1.112470797641562,
    "receivedKBytesPerSec" : 0.13036767159862053,
    "sentKBytesPerSec" : 0.1379724524418734
  },
  "HTTP Request" : {
    "transaction" : "HTTP Request",
    "sampleCount" : 10,
    "errorCount" : 0,
    "errorPct" : 0.0,
    "meanResTime" : 2346.1,
    "medianResTime" : 1318.0,
    "minResTime" : 960.0,
    "maxResTime" : 4841.0,
    "pct1ResTime" : 4801.8,
    "pct2ResTime" : 4841.0,
    "pct3ResTime" : 4841.0,
    "throughput" : 1.0136847440446022,
    "receivedKBytesPerSec" : 647.5517137607704,
    "sentKBytesPerSec" : 0.2514413329954384
  }
}