{
  "HTTP Request-1" : {
    "transaction" : "HTTP Request-1",
    "sampleCount" : 100,
    "errorCount" : 0,
    "errorPct" : 0.0,
    "meanResTime" : 6609.410000000002,
    "medianResTime" : 6452.5,
    "minResTime" : 975.0,
    "maxResTime" : 14641.0,
    "pct1ResTime" : 10472.700000000003,
    "pct2ResTime" : 12045.19999999999,
    "pct3ResTime" : 14635.269999999997,
    "throughput" : 5.226025607525477,
    "receivedKBytesPerSec" : 3337.753850111053,
    "sentKBytesPerSec" : 0.6481496603083354
  },
  "Total" : {
    "transaction" : "Total",
    "sampleCount" : 300,
    "errorCount" : 0,
    "errorPct" : 0.0,
    "meanResTime" : 4745.250000000001,
    "medianResTime" : 5044.5,
    "minResTime" : 93.0,
    "maxResTime" : 14854.0,
    "pct1ResTime" : 9790.800000000003,
    "pct2ResTime" : 10869.4,
    "pct3ResTime" : 14250.160000000002,
    "throughput" : 15.428130624839289,
    "receivedKBytesPerSec" : 6570.289397981486,
    "sentKBytesPerSec" : 2.551266392388789
  },
  "HTTP Request-0" : {
    "transaction" : "HTTP Request-0",
    "sampleCount" : 100,
    "errorCount" : 0,
    "errorPct" : 0.0,
    "meanResTime" : 507.87999999999994,
    "medianResTime" : 220.0,
    "minResTime" : 93.0,
    "maxResTime" : 9107.0,
    "pct1ResTime" : 671.0000000000008,
    "pct2ResTime" : 3193.35,
    "pct3ResTime" : 9051.019999999971,
    "throughput" : 5.413598960588999,
    "receivedKBytesPerSec" : 0.6344061281940233,
    "sentKBytesPerSec" : 0.6714131523386747
  },
  "HTTP Request" : {
    "transaction" : "HTTP Request",
    "sampleCount" : 100,
    "errorCount" : 0,
    "errorPct" : 0.0,
    "meanResTime" : 7118.46,
    "medianResTime" : 7492.0,
    "minResTime" : 1421.0,
    "maxResTime" : 14854.0,
    "pct1ResTime" : 10834.2,
    "pct2ResTime" : 12250.39999999999,
    "pct3ResTime" : 14847.979999999998,
    "throughput" : 5.142710208279763,
    "receivedKBytesPerSec" : 3285.144698990743,
    "sentKBytesPerSec" : 1.2756331961943945
  }
}